experiment,implementation,case_id,expected_count,returned_count,rejected,rejection_code,correct_associations,wrong_associations,missing_fallback_to_zero,missing_fallback_to_na_feedback,silent_zero_score_fallbacks,wrong_non_default_scores,order_preserved
A,baseline_text,A1_unchanged_text,20,20,false,,20,0,0,0,0,0,true
A,revised_answer_id,A1_unchanged_text,20,20,false,,20,0,0,0,0,0,true
A,baseline_text,A2_reworded_text,20,20,false,,0,20,20,20,20,0,true
A,revised_answer_id,A2_reworded_text,20,20,false,,20,0,0,0,0,0,true
A,baseline_text,A3_reordered_assessments,20,20,false,,20,0,0,0,0,0,true
A,revised_answer_id,A3_reordered_assessments,20,20,false,,20,0,0,0,0,0,true
A,baseline_text,A4_duplicate_ids,20,20,false,,20,0,0,0,0,0,true
A,revised_answer_id,A4_duplicate_ids,20,0,true,DUPLICATE_MODEL_ANSWER_ID,0,0,0,0,0,0,false
A,baseline_text,A5_missing_ids,20,20,false,,19,1,1,1,1,0,true
A,revised_answer_id,A5_missing_ids,20,0,true,MISSING_ANSWER_ID,0,0,0,0,0,0,false
A,baseline_text,A6_unknown_ids,20,20,false,,20,0,0,0,0,0,true
A,revised_answer_id,A6_unknown_ids,20,0,true,UNKNOWN_ANSWER_ID,0,0,0,0,0,0,false
A,baseline_text,B_identical_questions_different_answers,2,2,false,,1,1,0,0,0,1,true
A,revised_answer_id,B_identical_questions_different_answers,2,2,false,,2,0,0,0,0,0,true
B,baseline_text,B_identical_questions_different_answers,2,2,false,,1,1,0,0,0,1,true
B,revised_answer_id,B_identical_questions_different_answers,2,2,false,,2,0,0,0,0,0,true
C,revised_answer_id,C_semantic_negative_control,20,20,false,,,,,,,20,